{
"type": "FeatureCollection",
"name": "2022_382019",
"crs": { "type": "name", "properties": { "name": "urn:ogc:def:crs:OGC:1.3:CRS84" } },
"features": [
{ "type": "Feature", "properties": { "X_color": "#000000", "X_opacity": 0.5, "X_weight": 3, "X_fillColor": "#ff0000", "X_fillOpacity": 0.5, "local_government_cd": "382019" }, "geometry": { "type": "Polygon", "coordinates": [ [ [ 132.765328, 33.845754 ], [ 132.765339, 33.845242 ], [ 132.765951, 33.845064 ], [ 132.766213, 33.845491 ], [ 132.765854, 33.845745 ], [ 132.765328, 33.845754 ] ] ] } }
]
}
