{
"type": "FeatureCollection",
"name": "2022_382078",
"crs": { "type": "name", "properties": { "name": "urn:ogc:def:crs:OGC:1.3:CRS84" } },
"features": [
{ "type": "Feature", "properties": { "X_color": "#000000", "X_opacity": 0.5, "X_weight": 3, "X_fillColor": "#ff0000", "X_fillOpacity": 0.5, "local_government_cd": "382078" }, "geometry": { "type": "Polygon", "coordinates": [ [ [ 132.541047, 33.509661 ], [ 132.54101, 33.509375 ], [ 132.541417, 33.509308 ], [ 132.541482, 33.509608 ], [ 132.541047, 33.509661 ] ] ] } }
]
}
