{
  "type": "FeatureCollection",
  "features": [
    {
      "type": "Feature",
      "properties": {
        "_color": "#000000",
        "_opacity": 0.5,
        "_weight": 3,
        "_fillColor": "#ff0000",
        "_fillOpacity": 0.5
      },
      "geometry": {
        "type": "Polygon",
        "coordinates": [
          [
            [
              132.541047,
              33.509661
            ],
            [
              132.54101,
              33.509375
            ],
            [
              132.541417,
              33.509308
            ],
            [
              132.541482,
              33.509608
            ],
            [
              132.541047,
              33.509661
            ]
          ]
        ]
      }
    }
  ]
}