{
  "type": "FeatureCollection",
  "features": [
    {
      "type": "Feature",
      "properties": {
        "_color": "#000000",
        "_opacity": 0.5,
        "_weight": 3,
        "_fillColor": "#ff0000",
        "_fillOpacity": 0.5
      },
      "geometry": {
        "type": "Polygon",
        "coordinates": [
          [
            [
              132.765328,
              33.845754
            ],
            [
              132.765339,
              33.845242
            ],
            [
              132.765951,
              33.845064
            ],
            [
              132.766213,
              33.845491
            ],
            [
              132.765854,
              33.845745
            ],
            [
              132.765328,
              33.845754
            ]
          ]
        ]
      }
    }
  ]
}